"","Df","Variance","F","Pr(>F)"
"Model",1,0.446873106560031,2.35110387648109,0.071
"Residual",45,8.55312689343997,NA,NA
