"","Df","Variance","F","Pr(>F)"
"Model",1,0.140177695342046,3.44913662303365,0.018
"Residual",218,8.85982230465796,NA,NA
