"","Df","Variance","F","Pr(>F)"
"Model",1,0.0851138721568414,2.53005768083993,0.055
"Residual",265,8.91488612784316,NA,NA
