"","importance.RDA1","importance.PC1","importance.PC2","importance.PC3","importance.PC4","importance.PC5","importance.PC6","importance.PC7","importance.PC8","importance.PC9"
"Eigenvalue",0.0851138721568414,4.18411947870073,1.48089421636167,0.999157876007252,0.917151593550502,0.731096842815998,0.503616259007471,0.0639339957274394,0.0330792977323422,0.00183656793975861
"Proportion Explained",0.00945709690631571,0.464902164300081,0.164543801817963,0.111017541778584,0.101905732616722,0.0812329825351109,0.0559573621119412,0.00710377730304881,0.0036754775258158,0.000204063104417623
"Cumulative Proportion",0.00945709690631571,0.474359261206397,0.63890306302436,0.749920604802943,0.851826337419666,0.933059319954777,0.989016682066718,0.996120459369767,0.999795936895582,1
